cookie,timestamp
AtY0laUfhglK3lC7,2018-12-09T14:19:00+00:00
SAZuXPGUrfbcn5UA,2018-12-09T10:13:00+00:00
5UAVanZf6UtGyKVS,2018-12-09T07:25:00+00:00
AtY0laUfhglK3lC7,2018-12-09T06:19:00+00:00
SAZuXPGUrfbcn5UA,2018-12-08T22:03:00+00:00
4sMM2LxV07bPJzwf,2018-12-08T21:30:00+00:00
fbcn5UAVanZf6UtG,2018-12-08T09:30:00+00:00
4sMM2LxV07bPJzwf,2018-12-07T23:30:00+00:00
4sMM2LxV07bPJzwf,2018-12-06T23:30:00+00:00
SAZuXPGUrfbcn5UA,2018-12-06T22:03:00+00:00
4sMM2LxV07bPJzwf,2018-12-06T21:30:00+00:00
AtY0laUfhglK3lC7,2018-12-06T14:19:00+00:00
SAZuXPGUrfbcn5UA,2018-12-06T10:13:00+00:00
fbcn5UAVanZf6UtG,2018-12-06T09:30:00+00:00
5UAVanZf6UtGyKVS,2018-12-06T07:25:00+00:00
AtY0laUfhglK3lC7,2018-12-06T06:19:00+00:00
AtY0laUfhglK3lC7,2018-12-06T05:19:00+00:00
SAZuXPGUrfbcn5UA,2018-12-06T04:13:00+00:00
SAZuXPGUrfbcn5UA,2018-12-06T04:07:00+00:00
4sMM2LxV07bPJzwf,2018-12-06T03:30:00+00:00
4sMM2LxV07bPJzwf,2018-12-06T03:29:00+00:00
SAZuXPGUrfbcn5UA,2018-12-06T03:28:00+00:00
4sMM2LxV07bPJzwf,2018-12-06T03:27:00+00:00
AtY0laUfhglK3lC7,2018-12-06T03:26:00+00:00
SAZuXPGUrfbcn5UA,2018-12-06T03:25:00+00:00
fbcn5UAVanZf6UtG,2018-12-06T03:24:00+00:00
5UAVanZf6UtGyKVS,2018-12-06T03:23:00+00:00
AtY0laUfhglK3lC7,2018-12-06T03:19:00+00:00
AtY0laUfhglK3lC7,2018-12-06T03:19:00+00:00
SAZuXPGUrfbcn5UA,2018-12-06T03:13:00+00:00
SAZuXPGUrfbcn5UA,2018-12-06T03:07:00+00:00
4sMM2LxV07bPJzwf,2018-12-06T02:30:00+00:00